<BackupInst xmlns="http://www.microsoft.com/GroupPolicy/GPOOperations/Manifest"><GPOGuid><![CDATA[{3A68594A-B7C6-4328-B540-493FC8B77003}]]></GPOGuid><GPODomain><![CDATA[ecall.com.ua]]></GPODomain><GPODomainGuid><![CDATA[{fdee492e-c40e-435f-9631-01c0e99ae9b7}]]></GPODomainGuid><GPODomainController><![CDATA[dc3.ecall.com.ua]]></GPODomainController><BackupTime><![CDATA[2023-12-22T06:34:06]]></BackupTime><ID><![CDATA[{7A73DEC2-4309-4662-B2AB-58BC87AD9F3C}]]></ID><Comment><![CDATA[Wsus_Gpo_With_Local_Defender_Update]]></Comment><GPODisplayName><![CDATA[WSUS Domain GPO]]></GPODisplayName></BackupInst>
